"gene","logFC_main","adjP_main","P_main","logFC_raw","adjP_raw","P_raw","direction_same","significant_main","significant_raw"
"AXL",-2.12673682829604,0.889971158782418,0.020321716066078,-2.12673682829604,0.895910945117688,0.0211244439669844,TRUE,FALSE,FALSE
"PECAM1",-1.45848079482712,0.889971158782418,0.0445669991123051,-1.45848079482712,0.895910945117688,0.0459290213019413,TRUE,FALSE,FALSE
"SIRPA",6.6364128580219,0.889971158782418,0.0482947265733432,6.63641285802189,0.895910945117688,0.0497246886972498,TRUE,FALSE,FALSE
"TBP",0.302077949582016,0.889971158782418,0.0551569889008791,0.302077949582015,0.895910945117688,0.0567659899082603,TRUE,FALSE,FALSE
"TNFRSF9",0.459850220763928,0.889971158782418,0.0599690380857489,0.45985022076393,0.895910945117688,0.0616250306216362,TRUE,FALSE,FALSE
"VCAN",-10.6972736293523,0.889971158782418,0.0697534144752139,-10.6972736293523,0.895910945117688,0.0715337919947918,TRUE,FALSE,FALSE
"TAP2",0.370818704416515,0.889971158782418,0.0861542070236964,0.370818704416518,0.895910945117688,0.0881933513215577,TRUE,FALSE,FALSE
"IFITM1",-34.9234657335122,0.889971158782418,0.0979254349271513,-34.9234657335121,0.895910945117688,0.100062248712806,TRUE,FALSE,FALSE
"CDH5",-0.759415382990716,0.889971158782418,0.105106706934767,-0.759415382990712,0.895910945117688,0.107329252101033,TRUE,FALSE,FALSE
"ICAM1",5.23570353666873,0.889971158782418,0.105592992517621,5.23570353666871,0.895910945117688,0.10781145136508,TRUE,FALSE,FALSE
"IFI27",-60.9227987443283,0.889971158782418,0.12494124231995,-60.9227987443283,0.895910945117688,0.127340979825608,TRUE,FALSE,FALSE
"PSMB8",0.77396741505285,0.889971158782418,0.131208232285747,0.773967415052843,0.895910945117688,0.133668677735625,TRUE,FALSE,FALSE
"HDAC3",0.828870972685802,0.889971158782418,0.137043677575202,0.828870972685804,0.895910945117688,0.139548834309689,TRUE,FALSE,FALSE
"C1QA",-34.4421116020914,0.889971158782418,0.15528111920152,-34.4421116020915,0.895910945117688,0.157907135521785,TRUE,FALSE,FALSE
"HLA-C",4.87833253131456,0.889971158782418,0.173344530029112,4.87833253131453,0.895910945117688,0.176077341834513,TRUE,FALSE,FALSE
"TBX21",0.29525556514516,0.889971158782418,0.17479931195188,0.295255565145159,0.895910945117688,0.177592776905286,TRUE,FALSE,FALSE
"GNG4",-0.549525513320078,0.889971158782418,0.178491653518113,-0.549525513320077,0.895910945117688,0.181266445086601,TRUE,FALSE,FALSE
"CMKLR1",-0.419110457895071,0.889971158782418,0.183861969782412,-0.419110457895071,0.895910945117688,0.186673962292312,TRUE,FALSE,FALSE
"STAT2",1.09834162415344,0.889971158782418,0.19174948318908,1.09834162415345,0.895910945117688,0.194575991375491,TRUE,FALSE,FALSE
"TNFRSF4",-2.04340944609681,0.889971158782418,0.195350991879506,-2.04340944609681,0.895910945117688,0.198190559512801,TRUE,FALSE,FALSE
"CTAG1B",1.68940769862165,0.889971158782418,0.199586526670281,1.68940769862165,0.895910945117688,0.202444196994817,TRUE,FALSE,FALSE
"HLA-B",12.2343961482724,0.889971158782418,0.199729035265654,12.2343961482724,0.895910945117688,0.202585804789339,TRUE,FALSE,FALSE
"CXCL5",-3.55346141169233,0.889971158782418,0.201543058614103,-3.55346141169233,0.895910945117688,0.204407424936926,TRUE,FALSE,FALSE
"LIF",-5.06295094235098,0.889971158782418,0.202751903452103,-5.06295094235099,0.895910945117688,0.205620869019078,TRUE,FALSE,FALSE
"ITGAX",0.496916360870896,0.889971158782418,0.20282741703973,0.496916360870894,0.895910945117688,0.205713773847606,TRUE,FALSE,FALSE
"TNFAIP3",1.2254074338506,0.889971158782418,0.208936879512848,1.22540743385059,0.895910945117688,0.211831846745083,TRUE,FALSE,FALSE
"ICAM2",-1.34823806043111,0.889971158782418,0.217226273336165,-1.34823806043112,0.895910945117688,0.220149408158332,TRUE,FALSE,FALSE
"IL6R",0.868708525244251,0.889971158782418,0.223954895431231,0.868708525244253,0.895910945117688,0.226902247218509,TRUE,FALSE,FALSE
"CXCL10",-6.42435347398788,0.889971158782418,0.226590617711242,-6.4243534739879,0.895910945117688,0.229540581084917,TRUE,FALSE,FALSE
"CCL5",-8.88896336268477,0.889971158782418,0.23206989719362,-8.88896336268477,0.895910945117688,0.235035133022125,TRUE,FALSE,FALSE
"G6PD",3.87572042956483,0.889971158782418,0.238797825977213,3.87572042956482,0.895910945117688,0.241780486851463,TRUE,FALSE,FALSE
"IFNGR1",2.7294581055258,0.889971158782418,0.241384440357831,2.72945810552579,0.895910945117688,0.244373519917981,TRUE,FALSE,FALSE
"STAT3",2.38408219004226,0.889971158782418,0.241915652511708,2.38408219004224,0.895910945117688,0.244906123196482,TRUE,FALSE,FALSE
"CTSW",-2.44645422382807,0.889971158782418,0.243290590855399,-2.44645422382807,0.895910945117688,0.246284175840238,TRUE,FALSE,FALSE
"CSF2",0.217170885354542,0.889971158782418,0.244786022088612,0.217170885354544,0.895910945117688,0.247860948539001,TRUE,FALSE,FALSE
"TLR9",0.263700221823811,0.889971158782418,0.247403886983131,0.26370022182381,0.895910945117688,0.250458694220056,TRUE,FALSE,FALSE
"CD5",0.344004356287605,0.889971158782418,0.247988150299575,0.344004356287606,0.895910945117688,0.251022338479996,TRUE,FALSE,FALSE
"CCL4",-2.19174150403939,0.889971158782418,0.252973903301732,-2.19174150403939,0.895910945117688,0.255987871121455,TRUE,FALSE,FALSE
"NOD2",0.377328547687018,0.889971158782418,0.253251215660418,0.377328547687018,0.895910945117688,0.256290234868976,TRUE,FALSE,FALSE
"GNLY",1.29894405930611,0.889971158782418,0.256719944823458,1.2989440593061,0.895910945117688,0.259742219013518,TRUE,FALSE,FALSE
"CXCL1",1.68766538678586,0.889971158782418,0.25995201840158,1.68766538678586,0.895910945117688,0.262979029775948,TRUE,FALSE,FALSE
"IL1B",-0.859206359976512,0.889971158782418,0.261292814654811,-0.859206359976513,0.895910945117688,0.264325549939233,TRUE,FALSE,FALSE
"EIF2B4",-0.900518742997496,0.889971158782418,0.26300475946911,-0.90051874299748,0.895910945117688,0.266039795040049,TRUE,FALSE,FALSE
"NLRC5",0.443927279282129,0.889971158782418,0.264939658682371,0.443927279282132,0.895910945117688,0.267990898084315,TRUE,FALSE,FALSE
"GZMA",-1.78378420293254,0.889971158782418,0.27740541468723,-1.78378420293255,0.895910945117688,0.280456569129133,TRUE,FALSE,FALSE
"TNF",0.200926096671267,0.889971158782418,0.27874021429749,0.200926096671266,0.895910945117688,0.281872846733111,TRUE,FALSE,FALSE
"FOXP3",0.250505272528421,0.889971158782418,0.293758815001312,0.25050527252842,0.895910945117688,0.296872312771556,TRUE,FALSE,FALSE
"TCL1A",2.68095470115074,0.889971158782418,0.295452808773231,2.68095470115074,0.895910945117688,0.298518570193275,TRUE,FALSE,FALSE
"IL15",0.234166627806934,0.889971158782418,0.300226543831155,0.234166627806933,0.895910945117688,0.303349160439077,TRUE,FALSE,FALSE
"TNFRSF17",-0.681708271244809,0.889971158782418,0.309956044559352,-0.681708271244809,0.895910945117688,0.313033018229136,TRUE,FALSE,FALSE
"CD96",0.23597551747297,0.889971158782418,0.313686617809416,0.235975517472971,0.895910945117688,0.316808964551092,TRUE,FALSE,FALSE
"IL22RA1",0.530417071754016,0.889971158782418,0.316429576482243,0.530417071754016,0.895910945117688,0.319510901225776,TRUE,FALSE,FALSE
"CD244",0.206084323693991,0.889971158782418,0.317135729011381,0.206084323693991,0.895910945117688,0.320273129874643,TRUE,FALSE,FALSE
"CXCL9",-7.47194281814247,0.889971158782418,0.317287516225005,-7.47194281814247,0.895910945117688,0.320358876071684,TRUE,FALSE,FALSE
"IL1A",0.226827637115764,0.889971158782418,0.317714355592934,0.226827637115765,0.895910945117688,0.320840077733704,TRUE,FALSE,FALSE
"CD274",0.380016068793811,0.889971158782418,0.31907325969402,0.380016068793809,0.895910945117688,0.322163772597798,TRUE,FALSE,FALSE
"CXCL12",-3.9189915466755,0.889971158782418,0.320154781317653,-3.9189915466755,0.895910945117688,0.323226105040488,TRUE,FALSE,FALSE
"MAGEC1",0.970102134938986,0.889971158782418,0.323463817164466,0.970102134938984,0.895910945117688,0.326537409501982,TRUE,FALSE,FALSE
"IL18R1",0.176412621907346,0.889971158782418,0.324773103242854,0.176412621907347,0.895910945117688,0.327930878210701,TRUE,FALSE,FALSE
"CD69",1.27816236589093,0.889971158782418,0.328072000515316,1.27816236589093,0.895910945117688,0.331143230102255,TRUE,FALSE,FALSE
"POLR2A",1.57559435156176,0.889971158782418,0.332026882434,1.57559435156176,0.895910945117688,0.335096165815691,TRUE,FALSE,FALSE
"MAGEC2",3.98489447819465,0.889971158782418,0.336800409818755,3.98489447819465,0.895910945117688,0.339866631686755,TRUE,FALSE,FALSE
"IL24",4.55026930088561,0.889971158782418,0.33721368246851,4.5502693008856,0.895910945117688,0.340279652978477,TRUE,FALSE,FALSE
"SELL",2.88632993892238,0.889971158782418,0.337532571139662,2.88632993892238,0.895910945117688,0.340598558815304,TRUE,FALSE,FALSE
"IL1R2",1.50363669279683,0.889971158782418,0.339813262204072,1.50363669279683,0.895910945117688,0.342878800256323,TRUE,FALSE,FALSE
"MAGEA1",1.08481524531774,0.889971158782418,0.340492717326556,1.08481524531774,0.895910945117688,0.343558885778071,TRUE,FALSE,FALSE
"TNFSF13B",1.8611809748284,0.889971158782418,0.341660266761434,1.8611809748284,0.895910945117688,0.344724289409802,TRUE,FALSE,FALSE
"MS4A1",4.30944675072338,0.889971158782418,0.344969086533332,4.30944675072337,0.895910945117688,0.348030309024772,TRUE,FALSE,FALSE
"IRF3",-1.47620064623845,0.889971158782418,0.351734942678559,-1.47620064623846,0.895910945117688,0.354791840215646,TRUE,FALSE,FALSE
"ICOS",0.218430455492197,0.889971158782418,0.355659917734132,0.218430455492196,0.895910945117688,0.358761960266901,TRUE,FALSE,FALSE
"HMGA1",-20.9251050773786,0.889971158782418,0.356966685657099,-20.9251050773787,0.895910945117688,0.360017663766144,TRUE,FALSE,FALSE
"CXCR4",8.82356099141122,0.889971158782418,0.357406083885685,8.82356099141121,0.895910945117688,0.360456654531411,TRUE,FALSE,FALSE
"CXCL13",14.3901945379172,0.889971158782418,0.364350267963614,14.3901945379172,0.895910945117688,0.367393420161777,TRUE,FALSE,FALSE
"CCL21",26.5068195749382,0.889971158782418,0.364527684737538,26.5068195749382,0.895910945117688,0.367570626287605,TRUE,FALSE,FALSE
"SDHA",-2.64858669663675,0.889971158782418,0.365173829539356,-2.64858669663674,0.895910945117688,0.368216347789114,TRUE,FALSE,FALSE
"ITGB3",-2.2521459687021,0.889971158782418,0.368427976423721,-2.2521459687021,0.895910945117688,0.371466725687741,TRUE,FALSE,FALSE
"CD19",1.6613816715051,0.889971158782418,0.369830337784974,1.6613816715051,0.895910945117688,0.372867707382331,TRUE,FALSE,FALSE
"VCAM1",-1.31132037779634,0.889971158782418,0.374704142625877,-1.31132037779634,0.895910945117688,0.377735584393861,TRUE,FALSE,FALSE
"C7",-0.923783027586593,0.889971158782418,0.376895325080277,-0.923783027586592,0.895910945117688,0.379924993246559,TRUE,FALSE,FALSE
"MAGEB2",0.213165061302195,0.889971158782418,0.378285178825534,0.213165061302194,0.895910945117688,0.381357492119407,TRUE,FALSE,FALSE
"CXCL2",1.57503090262443,0.889971158782418,0.380678268525847,1.57503090262443,0.895910945117688,0.383700792869553,TRUE,FALSE,FALSE
"SELE",0.320915243936363,0.889971158782418,0.38382872663044,0.320915243936368,0.895910945117688,0.386865885641009,TRUE,FALSE,FALSE
"CCL20",0.673727552067517,0.889971158782418,0.384759465046351,0.673727552067519,0.895910945117688,0.387779484517882,TRUE,FALSE,FALSE
"CXCL16",1.13613833189052,0.889971158782418,0.386058007308664,1.13613833189052,0.895910945117688,0.389072996025029,TRUE,FALSE,FALSE
"CXCL8",-1.49351951646569,0.889971158782418,0.394951657626574,-1.49351951646569,0.895910945117688,0.397950978923721,TRUE,FALSE,FALSE
"ZAP70",-0.885980416709648,0.889971158782418,0.397834946295155,-0.885980416709642,0.895910945117688,0.400830687523961,TRUE,FALSE,FALSE
"IRF2",0.51329952446398,0.889971158782418,0.39918343719489,0.513299524463986,0.895910945117688,0.40218157409837,TRUE,FALSE,FALSE
"CD40",0.901180657829999,0.889971158782418,0.405616146905927,0.901180657829999,0.895910945117688,0.408596948196779,TRUE,FALSE,FALSE
"MYC",1.74565453258666,0.889971158782418,0.409522652190566,1.74565453258667,0.895910945117688,0.412493904261914,TRUE,FALSE,FALSE
"IRF4",1.06583861216207,0.889971158782418,0.415190830009371,1.06583861216207,0.895910945117688,0.418151180849715,TRUE,FALSE,FALSE
"HLA-DMB",0.170883204329957,0.889971158782418,0.418799966509465,0.170883204329958,0.895910945117688,0.421811105591629,TRUE,FALSE,FALSE
"TNFRSF1B",-0.765871587241065,0.889971158782418,0.42246983603102,-0.76587158724107,0.895910945117688,0.425415460039859,TRUE,FALSE,FALSE
"KLRD1",0.199513758564267,0.889971158782418,0.42386388398107,0.199513758564267,0.895910945117688,0.426846436197927,TRUE,FALSE,FALSE
"CD79B",3.77437388162114,0.889971158782418,0.425573365336926,3.77437388162115,0.895910945117688,0.428509019815552,TRUE,FALSE,FALSE
"IL18",1.27781331183277,0.889971158782418,0.433392919704261,1.27781331183277,0.895910945117688,0.436310714922306,TRUE,FALSE,FALSE
"CCL19",5.68006070085957,0.889971158782418,0.433522184765021,5.68006070085959,0.895910945117688,0.43643871249408,TRUE,FALSE,FALSE
"HSD11B1",1.95959934483589,0.889971158782418,0.435197541242269,1.95959934483591,0.895910945117688,0.438110285754919,TRUE,FALSE,FALSE
"IRF8",2.02272406362879,0.889971158782418,0.436085867803385,2.0227240636288,0.895910945117688,0.438996363107667,TRUE,FALSE,FALSE
"CD79A",8.96617145820531,0.891314608724224,0.442109089367461,8.9661714582053,0.896260664348751,0.445003802443004,TRUE,FALSE,FALSE
"CXCL11",-0.549167835622101,0.891314608724224,0.454492637728676,-0.5491678356221,0.896260664348751,0.457358639728465,TRUE,FALSE,FALSE
"NLRP3",-0.137945085293102,0.891314608724224,0.458251508643999,-0.137945085293102,0.896260664348751,0.461177115312153,TRUE,FALSE,FALSE
"HLA-DPA1",0.644703348976989,0.891314608724224,0.463570937306089,0.644703348976982,0.896260664348751,0.46640932987534,TRUE,FALSE,FALSE
"SLAMF7",1.46781134782231,0.891314608724224,0.470651957522309,1.46781134782231,0.896260664348751,0.473466392171811,TRUE,FALSE,FALSE
"IDO1",0.400416920070158,0.891314608724224,0.471338083448047,0.400416920070159,0.896260664348751,0.474158092496872,TRUE,FALSE,FALSE
"HLA-F",0.550860667277442,0.891314608724224,0.475926278105487,0.550860667277448,0.896260664348751,0.478728059948307,TRUE,FALSE,FALSE
"TNFSF10",1.53642921415635,0.891314608724224,0.48277027311957,1.53642921415634,0.896260664348751,0.485546557033705,TRUE,FALSE,FALSE
"SOCS1",-1.41924402410623,0.891314608724224,0.484712315372573,-1.41924402410622,0.896260664348751,0.487482387641124,TRUE,FALSE,FALSE
"THBS1",-1.40169232494945,0.891314608724224,0.487119770911967,-1.40169232494946,0.896260664348751,0.489881971795983,TRUE,FALSE,FALSE
"CD276",-2.09205838274042,0.891314608724224,0.487581014240514,-2.09205838274042,0.896260664348751,0.490341354926543,TRUE,FALSE,FALSE
"IRF9",-0.868867245274465,0.891314608724224,0.492618534253755,-0.868867245274457,0.896260664348751,0.495363378032845,TRUE,FALSE,FALSE
"TNFRSF10C",0.36467642763714,0.891314608724224,0.494679607841944,0.364676427637137,0.896260664348751,0.497424668713557,TRUE,FALSE,FALSE
"BTLA",0.18471602941561,0.897793201316227,0.502764192737087,0.184716029415609,0.902687689662601,0.505505106211056,TRUE,FALSE,FALSE
"CD8A",-1.11673132068276,0.900647044161027,0.50886557995098,-1.11673132068276,0.90540400055072,0.511553260311157,TRUE,FALSE,FALSE
"GZMB",0.820753042508685,0.902591980742664,0.521169488588862,0.820753042508687,0.905927199736558,0.523812729910073,TRUE,FALSE,FALSE
"DPP4",-0.153841589083706,0.902591980742664,0.533910414300524,-0.153841589083707,0.905927199736558,0.53654215044658,TRUE,FALSE,FALSE
"NKG7",-2.41068786432765,0.902591980742664,0.542301764307672,-2.41068786432765,0.905927199736558,0.544861941952694,TRUE,FALSE,FALSE
"NFATC2",0.395910986525561,0.902591980742664,0.548829465398733,0.395910986525565,0.905927199736558,0.55136846898193,TRUE,FALSE,FALSE
"LY9",0.269865672502086,0.902591980742664,0.554087393296213,0.269865672502089,0.905927199736558,0.556610552157529,TRUE,FALSE,FALSE
"IFNG",0.174434590326154,0.902591980742664,0.560160995207829,0.174434590326154,0.905927199736558,0.562673142123823,TRUE,FALSE,FALSE
"CSF1",-0.48945750326124,0.902591980742664,0.564317489450369,-0.489457503261246,0.905927199736558,0.566789967072701,TRUE,FALSE,FALSE
"THBD",0.653913623391927,0.902591980742664,0.565103636248283,0.653913623391926,0.905927199736558,0.567571396604006,TRUE,FALSE,FALSE
"ATM",0.190217469191511,0.902591980742664,0.567317126417518,0.190217469191515,0.905927199736558,0.569793943517743,TRUE,FALSE,FALSE
"TLK2",-0.121995866717207,0.902591980742664,0.575776181062844,-0.121995866717208,0.905927199736558,0.578242604438978,TRUE,FALSE,FALSE
"ICOSLG",0.153287449958535,0.902591980742664,0.580635550742314,0.153287449958533,0.905927199736558,0.583062678235917,TRUE,FALSE,FALSE
"TAP1",0.287918315643342,0.902591980742664,0.583404017453292,0.287918315643353,0.905927199736558,0.585798414022935,TRUE,FALSE,FALSE
"IL2RB",0.30471092265584,0.902591980742664,0.586581958987302,0.304710922655843,0.905927199736558,0.588961194184211,TRUE,FALSE,FALSE
"PSMB9",0.402946056501298,0.902591980742664,0.586981746150226,0.402946056501291,0.905927199736558,0.589356236983019,TRUE,FALSE,FALSE
"CD74",61.2207284523118,0.902591980742664,0.590249996155388,61.220728452312,0.905927199736558,0.592605887719467,TRUE,FALSE,FALSE
"PRF1",-0.402939614920581,0.902591980742664,0.591719138898386,-0.402939614920578,0.905927199736558,0.594072187200529,TRUE,FALSE,FALSE
"IRF7",0.885757888340358,0.902591980742664,0.601304486640032,0.88575788834036,0.905927199736558,0.603610691018308,TRUE,FALSE,FALSE
"JAK2",0.163733099231226,0.902591980742664,0.601841711247395,0.163733099231226,0.905927199736558,0.604165990538298,TRUE,FALSE,FALSE
"GUSB",1.25453114112883,0.902591980742664,0.605433799887791,1.25453114112883,0.905927199736558,0.607720494468352,TRUE,FALSE,FALSE
"EOMES",0.169307425253636,0.902591980742664,0.607278872335137,0.169307425253636,0.905927199736558,0.609575717807533,TRUE,FALSE,FALSE
"FAS",0.199062656071501,0.902591980742664,0.607652343608222,0.1990626560715,0.905927199736558,0.609942120945937,TRUE,FALSE,FALSE
"SH2D1A",0.206280582998582,0.902591980742664,0.609571127066767,0.206280582998582,0.905927199736558,0.611850785864921,TRUE,FALSE,FALSE
"ABCF1",0.158727405898073,0.902591980742664,0.613762546905012,0.158727405898071,0.905927199736558,0.616030495820859,TRUE,FALSE,FALSE
"CD70",-0.52967437447578,0.910450943700935,0.623921487314022,-0.52967437447578,0.913570811828138,0.626121964941613,TRUE,FALSE,FALSE
"IL6",0.349425976490028,0.910450943700935,0.630217146215459,0.34942597649003,0.913570811828138,0.63238913916203,TRUE,FALSE,FALSE
"ERCC3",-0.18930654002015,0.910450943700935,0.63276340587215,-0.189306540020164,0.913570811828138,0.634931714220556,TRUE,FALSE,FALSE
"TNFSF13",-0.286621583765847,0.914911944302864,0.640438361012005,-0.286621583765846,0.917944950662662,0.642561465463863,TRUE,FALSE,FALSE
"IFITM2",-6.06494743790346,0.917741196487286,0.647007543523537,-6.06494743790352,0.920698980040115,0.649092780928281,TRUE,FALSE,FALSE
"JAK1",-0.368119729861448,0.917865327854222,0.651684382776498,-0.368119729861433,0.920773092968657,0.653748896007746,TRUE,FALSE,FALSE
"CD14",-2.08297056782284,0.921077212452903,0.665754131226549,-2.08297056782285,0.923555330689523,0.667744069713735,TRUE,FALSE,FALSE
"ITGB2",-1.11369573252641,0.921077212452903,0.67515174559586,-1.11369573252643,0.923555330689523,0.677093046109236,TRUE,FALSE,FALSE
"IL7R",0.175196802489738,0.921077212452903,0.680511289335121,0.175196802489742,0.923555330689523,0.682433828783586,TRUE,FALSE,FALSE
"HLA-DQA2",-0.508303557529754,0.921077212452903,0.687299629640671,-0.508303557529755,0.923555330689523,0.68917771268528,TRUE,FALSE,FALSE
"LCK",0.372045784468936,0.921077212452903,0.688023634989185,0.372045784468938,0.923555330689523,0.689898782933271,TRUE,FALSE,FALSE
"IL32",1.68863131002343,0.921077212452903,0.688323813668705,1.6886313100234,0.923555330689523,0.690195475647173,TRUE,FALSE,FALSE
"TMUB2",0.23463083995599,0.921077212452903,0.689876698066816,0.23463083995599,0.923555330689523,0.691744895119654,TRUE,FALSE,FALSE
"HLA-DRA",-1.00986234456683,0.921077212452903,0.690807909339677,-1.00986234456682,0.923555330689523,0.692666498017143,TRUE,FALSE,FALSE
"B2M",-128.218399717175,0.927998037734101,0.710437203617244,-128.218399717174,0.930104334058736,0.712189467507702,TRUE,FALSE,FALSE
"IL10",-0.0707062507136893,0.927998037734101,0.710486216632453,-0.0707062507136884,0.930104334058736,0.712282129477585,TRUE,FALSE,FALSE
"DNAJC14",0.0998895663921413,0.927998037734101,0.712779456890765,0.0998895663921493,0.930104334058736,0.714540387391161,TRUE,FALSE,FALSE
"HAVCR2",-0.1753537663074,0.927998037734101,0.720134931809191,-0.175353766307402,0.930104334058736,0.721840340961345,TRUE,FALSE,FALSE
"SLC11A1",-0.11653436217297,0.927998037734101,0.723639809980711,-0.116534362172968,0.930104334058736,0.725333426294608,TRUE,FALSE,FALSE
"OAS2",0.459141111005573,0.927998037734101,0.727708231802587,0.459141111005587,0.930104334058736,0.729366031547968,TRUE,FALSE,FALSE
"GZMK",-0.475104204898971,0.927998037734101,0.72847845962127,-0.475104204898969,0.930104334058736,0.730131902236108,TRUE,FALSE,FALSE
"APOE",-84.3468848484756,0.933230797677417,0.73725233016516,-84.3468848484759,0.934683503647037,0.738855826029218,TRUE,FALSE,FALSE
"PDCD1LG2",0.091634047904332,0.933295644320066,0.758367166731369,0.0916340479043325,0.934683503647037,0.759865860202253,TRUE,FALSE,FALSE
"SELP",-0.0689348682114796,0.933295644320066,0.759420014287153,-0.0689348682114801,0.934683503647037,0.760923972876667,TRUE,FALSE,FALSE
"GZMM",-0.188361498801444,0.933295644320066,0.760637502841577,-0.188361498801439,0.934683503647037,0.762111446885641,TRUE,FALSE,FALSE
"ADORA2A",0.0922318863533436,0.933295644320066,0.76167179119983,0.0922318863533436,0.934683503647037,0.763150687427532,TRUE,FALSE,FALSE
"IL11",-0.107248832977096,0.933295644320066,0.773491835862098,-0.107248832977094,0.934683503647037,0.774897095720186,TRUE,FALSE,FALSE
"HLA-DPB1",-0.110542782938357,0.933295644320066,0.774489393022873,-0.110542782938351,0.934683503647037,0.775888201209389,TRUE,FALSE,FALSE
"ENTPD1",0.104893345567133,0.933295644320066,0.7766549537318,0.104893345567136,0.934683503647037,0.778041821386818,TRUE,FALSE,FALSE
"CD38",-0.149242617746586,0.933295644320066,0.779034727114204,-0.149242617746583,0.934683503647037,0.78040293125273,TRUE,FALSE,FALSE
"TNFRSF18",0.14850786056157,0.933295644320066,0.78642951528693,0.148507860561571,0.934683503647037,0.787754026869191,TRUE,FALSE,FALSE
"HLA-E",0.248694851575381,0.933295644320066,0.796348968700538,0.248694851575385,0.934683503647037,0.797612247451864,TRUE,FALSE,FALSE
"CD27",0.316725702083559,0.933295644320066,0.797782012466506,0.316725702083559,0.934683503647037,0.799036319279695,TRUE,FALSE,FALSE
"NEIL1",-0.0829781725983358,0.933295644320066,0.801727180498688,-0.0829781725983354,0.934683503647037,0.802967590169424,TRUE,FALSE,FALSE
"CCR5",0.10313428636606,0.933295644320066,0.806049746545793,0.103134286366059,0.934683503647037,0.807260412685117,TRUE,FALSE,FALSE
"IL2RG",0.755740634020393,0.933295644320066,0.807232236153022,0.755740634020391,0.934683503647037,0.808429763261225,TRUE,FALSE,FALSE
"TIGIT",0.13615650683846,0.933295644320066,0.807300732336857,0.13615650683846,0.934683503647037,0.808501230654687,TRUE,FALSE,FALSE
"CD86",-0.0973965886442345,0.935627283034708,0.813995736240196,-0.0973965886442318,0.936964236266204,0.815158885551598,TRUE,FALSE,FALSE
"PIK3CG",0.0568523594886097,0.935752951340038,0.821499951764476,0.0568523594886141,0.936964531053041,0.82262785141209,TRUE,FALSE,FALSE
"F2RL1",-0.123340620254485,0.935752951340038,0.828015433103408,-0.123340620254483,0.936964531053041,0.829091170312408,TRUE,FALSE,FALSE
"PTPRC",0.393072513426922,0.935752951340038,0.828141361935933,0.39307251342691,0.936964531053041,0.829213609981941,TRUE,FALSE,FALSE
"IRF1",-0.299678226287247,0.939934124313996,0.836541370639456,-0.299678226287242,0.941081926415816,0.837562914510076,TRUE,FALSE,FALSE
"PTGS2",0.0565090606608436,0.950521360029626,0.855335701315981,0.0565090606608432,0.951490016945221,0.8562507856124,TRUE,FALSE,FALSE
"CXCR6",-0.0792012857961346,0.950521360029626,0.857188370725574,-0.0792012857961351,0.951490016945221,0.858087723044805,TRUE,FALSE,FALSE
"IFNGR2",-0.504457776190996,0.950521360029626,0.860221830826811,-0.504457776190986,0.951490016945221,0.861098465335425,TRUE,FALSE,FALSE
"EPCAM",0.0566550869278082,0.953071618962441,0.867295173255821,0.0566550869278069,0.953994281861586,0.868134796494043,TRUE,FALSE,FALSE
"PDCD1",0.070898698880435,0.958421636838787,0.878254951926304,0.0708986988804345,0.95923107380132,0.879023569319795,TRUE,FALSE,FALSE
"LAG3",-0.126054747775701,0.958421636838787,0.881747905891684,-0.126054747775703,0.95923107380132,0.882492587897215,TRUE,FALSE,FALSE
"CD28",-0.025535296948207,0.962378352344287,0.890199975918465,-0.025535296948207,0.963145542711997,0.890909627008597,TRUE,FALSE,FALSE
"STAT1",-0.559112902411329,0.965852286168544,0.898242626136746,-0.559112902411339,0.966541809292445,0.898883882641974,TRUE,FALSE,FALSE
"CTLA4",-0.125710517473881,0.970487497959383,0.907405810592024,-0.12571051747388,0.971112616814641,0.907990296721689,TRUE,FALSE,FALSE
"TLR4",0.0322302971712709,0.981618903434171,0.922721769228121,0.0322302971712745,0.982122866651774,0.92321388259795,TRUE,FALSE,FALSE
"PSMB10",-0.564117806547586,0.981707599356835,0.929289703361367,-0.564117806547594,0.982122866651774,0.929736551514306,TRUE,FALSE,FALSE
"HLA-DQA1",0.465282304173169,0.981707599356835,0.933352043177085,0.465282304173159,0.982122866651774,0.933773345710451,TRUE,FALSE,FALSE
"RORC",0.037212848932493,0.981707599356835,0.937530757385777,0.0372128489324934,0.982122866651774,0.937927337652444,TRUE,FALSE,FALSE
"CD4",-0.0678480252705924,0.988477784647588,0.948938673261685,-0.0678480252705844,0.988814593680676,0.949262009933449,TRUE,FALSE,FALSE
"HLA-DRB1",-0.808608176802046,0.990812944558386,0.959145336573693,-0.808608176802048,0.990902983267125,0.959403959650557,TRUE,FALSE,FALSE
"IL4",0.00611685850433996,0.990812944558386,0.970924151053983,0.00611685850434052,0.990902983267125,0.97111423105571,TRUE,FALSE,FALSE
"CCL2",0.299972402373207,0.990812944558386,0.97137046144163,0.29997240237323,0.990902983267125,0.97155177760396,TRUE,FALSE,FALSE
"TNFSF4",-0.0063589486879394,0.990812944558386,0.975624640475969,-0.00635894868793763,0.990902983267125,0.975782270172258,TRUE,FALSE,FALSE
"HLA-A",0.409836698818992,0.990812944558386,0.982860972818579,0.409836698818975,0.990902983267125,0.982969546067507,TRUE,FALSE,FALSE
"TREM2",0.026314152692823,0.990812944558386,0.985095457980211,0.0263141526928221,0.990902983267125,0.985189922639511,TRUE,FALSE,FALSE
"CXCL14",0.10286389690312,0.990812944558386,0.985858879835594,0.102863896903096,0.990902983267125,0.985948468350789,TRUE,FALSE,FALSE
"TLR2",0.00321320160110972,0.993944035509704,0.993944035509704,0.00321320160110528,0.993982598828296,0.993982598828296,TRUE,FALSE,FALSE
